{
  "0": {
    "precision": 0.974869109947644,
    "recall": 0.9758909853249476,
    "f1-score": 0.9753797799895233,
    "support": 954.0
  },
  "1": {
    "precision": 0.9779904306220095,
    "recall": 0.9770554493307839,
    "f1-score": 0.9775227164036346,
    "support": 1046.0
  },
  "accuracy": 0.9765,
  "macro avg": {
    "precision": 0.9764297702848268,
    "recall": 0.9764732173278657,
    "f1-score": 0.976451248196579,
    "support": 2000.0
  },
  "weighted avg": {
    "precision": 0.9765015606603372,
    "recall": 0.9765,
    "f1-score": 0.9765005357341036,
    "support": 2000.0
  }
}